mass,position,velocity
10000,"[5, 5]","[0, 0.00001]"
50000,"[-3, -3]","[0, 0.0005]"
20000,"[0, 0]","[0.0002, -0.00003]"
