mass,position,velocity
100000,"[0, 0]","[0, 0]"
1,"[1, 1]","[0.001, -0.001]"
1,"[1, -1]","[-0.001, -0.001]"
1,"[-1, 1]","[0.001, 0.001]"
1,"[-1, -1]","[-0.001, 0.001]"
100,"[2, 2]","[0.001, -0.001]"
100,"[2, -2]","[-0.001, -0.001]"
100,"[-2, 2]","[0.001, 0.001]"
100,"[-2, -2]","[-0.001, 0.001]"
100,"[3, 3]","[0.00085, -0.00085]"
100,"[3, -3]","[-0.00085, -0.00085]"
100,"[-3, 3]","[0.00085, 0.00085]"
100,"[-3, -3]","[-0.00085, 0.00085]"